<?xml version="1.0" encoding="UTF-8"?>
<templates id="template" xml:space="preserve">
    <t t-name="ProductScreen" t-inherit="point_of_sale.ProductScreen" t-inherit-mode="extension" owl="1">
        <xpath expr="//div[hasclass('subpads')]" position="replace">
            <div  class="subpads">
                <t t-if="allowed_cashier()==false">
                    <ActionpadWidget partner="partner" actionName="constructor.numpadActionName" onSwitchPane.bind="switchPane" />
                    <NumpadWidget activeMode="env.pos.numpadMode" />
                </t>
            </div>
        </xpath>
    </t>
</templates>